wavelength,B,G,R
400,0.5711768755566076,0.07466398571295879,0.09612344889303277
401,0.5858287881801392,0.07239299207976113,0.09235391808891798
402,0.5976725328593052,0.0700172541862253,0.08870247557999321
403,0.6074554513917583,0.0675655025028928,0.08516922459762039
404,0.6159248855751511,0.06506646750030506,0.08175426837316141
405,0.6237464295742754,0.06254887964900356,0.07845771013797823
406,0.6309063072505736,0.06004146941952975,0.07527965312343277
407,0.6372355012666459,0.0575729672824251,0.07222020056088692
408,0.6430813566459421,0.05517210370823105,0.06927945568170264
409,0.6486768172509091,0.052867609167489074,0.06645752171724184
410,0.6538264118832159,0.05068821413074063,0.06375439835271093
411,0.6582907217927062,0.048662643837053536,0.06116874226230998
412,0.6620645144681772,0.04680778786236397,0.058698272581601325
413,0.6653902396553472,0.04510350264103677,0.05634068929265738
414,0.6685222339409691,0.04352242109590044,0.0540936923775505
415,0.6716781397881095,0.042037176149783424,0.05195460492947811
416,0.6749044544868908,0.04062119020154988,0.04991899118326252
417,0.6781978181428433,0.039280152244168684,0.04798190270089651
418,0.6815548650875307,0.03806260178123381,0.04613839098473183
419,0.6849704326754108,0.037020038121407604,0.04438350137168159
420,0.6884327430888926,0.0362039605733524,0.04271159475153404
421,0.6919284966596372,0.03565990103396432,0.04111573460867681
422,0.6954461936240266,0.03537162446057479,0.03958883972054447
423,0.6990160876470269,0.03528638292827785,0.03812382886457163
424,0.7027103843497167,0.03535095372447503,0.036713964074637916
425,0.7066009703802494,0.03551211413668632,0.035358358925774984
426,0.7106523011007321,0.035718636889422985,0.03406102797172302
427,0.7146739041896564,0.03592718322610896,0.03282613703543059
428,0.7184644912261955,0.03609636348423053,0.03165785193984626
429,0.7220249141577325,0.03618478800127396,0.030558793498566834
430,0.7257800962100144,0.036151628903666695,0.029522588586313573
431,0.7302083858160319,0.035996889549950166,0.028539618287906066
432,0.7355336849248661,0.03578833816566926,0.027600259308779317
433,0.7409784601533519,0.035600128741140144,0.02669490367730032
434,0.7455283046378355,0.035506415266679005,0.025818002440226362
435,0.7487273010068904,0.035577228714538736,0.02497349756318424
436,0.7509798850109775,0.03582388685344178,0.024166685387259468
437,0.7527638846241484,0.03621398682583631,0.023402862253537573
438,0.7545571260518502,0.036714083224282,0.022687182893903923
439,0.7567112041966102,0.03729073064133849,0.022021388761783927
440,0.7591088304448323,0.03791745449963465,0.021403718891674174
441,0.7615238710944662,0.038603713929618054,0.020832252877062734
442,0.7637301924434619,0.03937051345035788,0.02030507031143769
443,0.7655033842792428,0.04023886299966272,0.01982061115616508
444,0.7667310943525874,0.041229748381099655,0.019380010887336666
445,0.767479824618191,0.04236003380967732,0.01898562582312612
446,0.7678320821773563,0.043637833978861826,0.01863981831795586
447,0.7678703741313865,0.04507014592931918,0.01834494898426063
448,0.7676750819126082,0.04666396670171541,0.01810117552591999
449,0.7672977209856483,0.04842699194174828,0.01790214395924461
450,0.766768999657048,0.0503817022530315,0.017740302905880547
451,0.7661191666688036,0.052564683727557425,0.017608100987473875
452,0.7653784707629114,0.05501308507414631,0.017498275147678384
453,0.7645729331554367,0.057764055001618436,0.017414342388987092
454,0.7637077555582982,0.06089386723365333,0.017373580443371565
455,0.7627817415215874,0.06475398582870287,0.01739416265787757
456,0.7617936928634643,0.06981395468843746,0.017494262379550853
457,0.7607422914823728,0.07644000826434097,0.017688793656944
458,0.7596098149094523,0.0838341437708335,0.017960286140431495
459,0.7583456077077346,0.09060064448010864,0.018272724215612317
460,0.756895076435375,0.1006455002749657,0.018589873395661483
461,0.7552036276505284,0.11661009066971557,0.01887549922762979
462,0.7532198809102055,0.12741847362475553,0.01910496071507495
463,0.7509524012511792,0.14991510988829912,0.019298016669561824
464,0.7484628406384575,0.17156873615485288,0.01948505318489839
465,0.745814685974176,0.19278321179053637,0.019696456354892627
466,0.7430694719223825,0.21454374276896018,0.019962301468751012
467,0.740049994210405,0.23602193215767314,0.020291812727915134
468,0.7361140214486926,0.26675478375433465,0.020660560559879092
469,0.730566530135907,0.2809303993241505,0.021041058639275054
470,0.723294681441621,0.3046634816338574,0.021405820640735162
471,0.7157849624098577,0.33918598290483015,0.02172894473930453
472,0.7090312290033166,0.3574982934326249,0.022006330383103047
473,0.7022144150318866,0.38149421836799685,0.022249734626010837
474,0.6943771114272173,0.40484295813858756,0.0224712724015345
475,0.685212673869971,0.43392031256312796,0.022683058643180657
476,0.6762215970020916,0.45293613784178044,0.022894113382597406
477,0.6694756571487057,0.4846862907759153,0.023097947326378435
478,0.6609534536927113,0.501841476840844,0.02328322314858734
479,0.6498018284492557,0.5402317317339453,0.02343860188156682
480,0.6413334727919957,0.5555480901167202,0.023552775861382456
481,0.6331547617541918,0.5906949187291435,0.023619154678005714
482,0.6236094105063648,0.5874717118304738,0.023640857657085564
483,0.6140455627966303,0.6166237712548407,0.023622200218358126
484,0.6041931717256408,0.6464243496125708,0.023567497781559508
485,0.5938564340636951,0.6635189013137844,0.023482025495588445
486,0.5837307406042743,0.6852962175424239,0.023390030881773716
487,0.5731370577188454,0.7024974695492787,0.023333155768281322
488,0.5617626017904108,0.7184017758709259,0.023353685353005655
489,0.5512262372872586,0.7394086814157328,0.02349390483384111
490,0.5402894387341848,0.7529186942039979,0.02378535545706719
491,0.5272398678039028,0.7692858370760534,0.024189109416650208
492,0.5143313797692304,0.7774888940392201,0.024637840800731024
493,0.5016336703091016,0.7953493034008714,0.025064145433587384
494,0.48949112116420185,0.8037465345738869,0.025400689032466076
495,0.4774862836009727,0.8127506043451953,0.02561702646995446
496,0.4639901293434876,0.8238804238097531,0.025780081982443644
497,0.4515787319789281,0.8310409346879216,0.025972658213158892
498,0.4390081121575195,0.836270599814071,0.02627755780532546
499,0.42233781406605403,0.8421890271539488,0.02677575372640022
500,0.41779108161196127,0.8481302712233392,0.027492719998431978
501,0.39505459521650027,0.853149846077189,0.02838976327836096
502,0.382824726653675,0.8573783227023973,0.02942461540826632
503,0.36851170162795954,0.8611700004406527,0.03055500823022721
504,0.35188243977367567,0.8648124685661307,0.03174356452839032
505,0.34175528099956515,0.8683267295325824,0.03299604764001328
506,0.32942690716660256,0.8716672023908879,0.03434067818621996
507,0.3152227611763691,0.8747892428998413,0.0358058698069422
508,0.30441943675911953,0.8776730163859529,0.03742003497116467
509,0.29531070966087514,0.8803254599880667,0.03919801879879808
510,0.2838407557009771,0.882754840714843,0.04110740996358769
511,0.2741444933467268,0.8849694281763424,0.04310551474732376
512,0.26511262830043225,0.8869784841930215,0.04514963943179655
513,0.25537587187179217,0.8887937543890623,0.047197042916127335
514,0.24605875576752265,0.8904273667424981,0.04920236161592204
515,0.2374599679010573,0.8918914492313628,0.0511162890440693
516,0.22931431008842842,0.8931978267115755,0.052889193401993946
517,0.22111385003086753,0.8943497824337451,0.05447144289112079
518,0.2127151869827582,0.8953410825816948,0.05581608305128933
519,0.2044483441862921,0.8961649944094011,0.05691002763877411
520,0.19634407110705177,0.8968147851708403,0.05776341868234822
521,0.1884667441912684,0.897284569940804,0.058386852237787494
522,0.18128852663339828,0.8975755980091147,0.05879092436086777
523,0.17479296891218243,0.89769269071605,0.058987054704789946
524,0.16851196235001345,0.8976406960295618,0.05899054221166276
525,0.16231206914774204,0.8974244624081511,0.05881782693610437
526,0.15663610158039473,0.8970510713542043,0.05848534908940211
527,0.15182641717860257,0.8965349778298587,0.05800945646287774
528,0.14755014972219016,0.8958921565611673,0.05739535686983246
529,0.14329168869604558,0.8951385822741831,0.056626645631247786
530,0.1387663542485044,0.8942900831665359,0.05568443813792156
531,0.13415173330246505,0.8933556501458451,0.05454984978065157
532,0.12964475323847086,0.8923346692409592,0.053206239137168
533,0.12524781736065038,0.8912258063122421,0.051676923944235106
534,0.12089757869868711,0.8900277272200584,0.05001962080118977
535,0.11656639976026661,0.8887396135985908,0.048293169602820346
536,0.11231434407400565,0.8873664056837803,0.046556410243915214
537,0.10821467146691967,0.8859166492917411,0.04486351035475456
538,0.10431568686005067,0.8843989455920609,0.04324063648020564
539,0.10057832549820184,0.8828218957543272,0.04170357081201101
540,0.09694441288215366,0.8811843154863508,0.040268078499164285
541,0.09336629292188871,0.8794442672146542,0.038949896548490674
542,0.08984959519979842,0.8775492057391234,0.037756418001489434
543,0.086416782860026,0.8754465858348663,0.03667508863629772
544,0.08309013897896944,0.8730843185756241,0.03569043616070941
545,0.07988500828820154,0.8704466044829076,0.03478698828251843
546,0.07680790006454233,0.8675797213128947,0.03395006378282676
547,0.07386475063835166,0.8645360313744699,0.033184723043403454
548,0.07106070277274337,0.8613678969765176,0.032516667718400755
549,0.06838283029697041,0.8581144549392846,0.031972570581651524
550,0.0658002392540577,0.8547619702279198,0.0315791044069886
551,0.06328126234951058,0.8512834973643792,0.03135723252198041
552,0.06079432628702617,0.8476532726056579,0.031284208341020546
553,0.05832659614017879,0.8438745800569025,0.03131708603301624
554,0.055906475296436935,0.8399808289499293,0.03141281069987484
555,0.05356785975453943,0.8360049588372996,0.031528362754179806
556,0.05134464551322511,0.8318886814437572,0.031677208631423925
557,0.04926942375085252,0.8274431169671066,0.032043926060900466
558,0.04734694427387616,0.8224704724798114,0.032845370209412895
559,0.045555269978846125,0.8169239565799267,0.034298396243764635
560,0.04387138996415545,0.8110569594966858,0.03663390990306198
561,0.042272293328197166,0.8051501057416671,0.040191094458377985
562,0.04073712283099733,0.79937159330797,0.04535945493598977
563,0.039259679362582046,0.7937991895640498,0.052548698596070975
564,0.037839871486504695,0.788283395737624,0.06445822569812656
565,0.03647762795108745,0.7824416287088891,0.08591736417206303
566,0.03517288302186204,0.7761037541404617,0.11074804311961345
567,0.03392886274460655,0.7695664541996845,0.13487912941298585
568,0.0327576423186929,0.7630662223104595,0.1569829085121464
569,0.03167276869456665,0.7561675281197974,0.18205907874571528
570,0.030687788822673322,0.7482815693051335,0.2060970257553812
571,0.029815831186599435,0.7399428398806701,0.2308632075068836
572,0.029057173264528068,0.7321606184638484,0.25688868101177836
573,0.028397143512626375,0.724597366502435,0.2824312528259467
574,0.02782022930652679,0.7168784311301581,0.3075579293518964
575,0.02731091802186173,0.7090708518534905,0.3324781312281913
576,0.026854116170367016,0.7016336465321839,0.3585388079449308
577,0.026438398567923925,0.6946405688837961,0.37981774538953766
578,0.026054237442493595,0.6874128513001097,0.40621336801172964
579,0.025692120962374426,0.679957204199561,0.4314502226815094
580,0.025342537429570676,0.6723441453670779,0.4637017489702382
581,0.02499697660112455,0.6640831836365185,0.4843320474511101
582,0.02465033812935732,0.6564217598467085,0.5150216488990709
583,0.024298246768994593,0.6492334643409537,0.5361225411471411
584,0.023936327274761967,0.6353163710363312,0.5631742386357635
585,0.023560297788549636,0.623760439460959,0.5894253257960368
586,0.023170560797156032,0.6190404574742112,0.6157831985242448
587,0.022774295346044433,0.614321100101031,0.6424648098192891
588,0.02237921027737913,0.6026726147968852,0.6693817518441499
589,0.021993014433324406,0.5838505123467976,0.6950809197950166
590,0.02162268884768856,0.5743222606232721,0.7261866817078749
591,0.021266695337747974,0.5630749457453836,0.7499396758422289
592,0.020917971572506456,0.5486684905982705,0.7712289937218363
593,0.020569361891128214,0.5351596187670534,0.7855779291723792
594,0.020213710632777437,0.5133333766667024,0.7960295441928494
595,0.019846665244636023,0.49793427059277234,0.8050011061623225
596,0.019476135529804005,0.4809612037079555,0.8124911033669815
597,0.01911338348264979,0.4651226629000793,0.8190702190427808
598,0.018769671178951657,0.4540903234392967,0.8254632101886317
599,0.018456156561879742,0.4420065199038405,0.8312375738929021
600,0.018174087719033474,0.4240491876445874,0.83577331810787
601,0.017906766260271736,0.4089176156037952,0.839076272539634
602,0.017635602399123356,0.39875692461676254,0.8414677367186326
603,0.01734200634911715,0.38698213631811074,0.8432714221764898
604,0.017009110186831326,0.3740520651816804,0.8447769211646527
605,0.01664787842108224,0.3621177121558891,0.8460500392473419
606,0.016291810688135698,0.3511043446595726,0.8470663988826116
607,0.015975054200417206,0.3397657118252688,0.8478013739880562
608,0.01573175617035226,0.3289552128650738,0.8482303703567005
609,0.015588491679686775,0.3186583914672093,0.8483462012062349
610,0.015529098036158831,0.30793520292321797,0.8481878654666015
611,0.015522433024163357,0.2988875704257732,0.8478019359187915
612,0.015537338336710189,0.2920973465136079,0.8472349853437963
613,0.015542718061580835,0.284426875669892,0.846533074626925
614,0.015522448132213155,0.2741329873847056,0.8457267200866273
615,0.01549470875612442,0.2644208019104387,0.8448284556005402
616,0.015482464517155117,0.25638940528513066,0.8438498123295688
617,0.015508679999145744,0.24821989292825175,0.8428023214346188
618,0.015595992738885666,0.2401833072216859,0.8416983350084077
619,0.01575933428506535,0.23271134118886627,0.8405573192703149
620,0.016005826622070084,0.22549274534727348,0.839402390350537
621,0.01634224397083517,0.2191109864122392,0.838256694154844
622,0.01677536055229589,0.2141385973575248,0.8371433755402953
623,0.017311210535613523,0.21000529218255604,0.8360795309851506
624,0.01795033015470509,0.2059832297364685,0.8350619776740298
625,0.01869078026005127,0.20180989210788974,0.8340832874288492
626,0.019530609783919357,0.19768464560719912,0.833136032071524
627,0.02046786326437538,0.1938176780704321,0.8322128980451259
628,0.02149483428045483,0.19024403402194656,0.8313120597139134
629,0.022586753568651894,0.18683960285381937,0.8304394825875607
630,0.023715702089451656,0.18347448749060838,0.8296017252488986
631,0.02485376080333923,0.18004323942470113,0.8288053462807581
632,0.025973396347879974,0.17658693947962342,0.8280556138052466
633,0.027061930136914665,0.17320101243680977,0.8273431467209413
634,0.02812590076551883,0.16998018162378786,0.826649277492377
635,0.029173123159615004,0.16697765319047467,0.8259551910433678
636,0.0302114122451257,0.1641854744502315,0.8252420722977276
637,0.031248493974129533,0.16159078798515297,0.8244972514004556
638,0.03229118453086101,0.15918073655556422,0.8237341827169913
639,0.03334576734687526,0.15694368303043307,0.822973261422154
640,0.034418519119961064,0.15487212337043055,0.8222348827453755
641,0.03551571654770731,0.15295942785269354,0.8215392300663789
642,0.03664026953432409,0.15119896675435907,0.8208881179332832
643,0.037781778110865624,0.14958429344224725,0.8202510474364606
644,0.03892655370693575,0.14811776164363918,0.819594236818819
645,0.04006090775213828,0.14681423873923863,0.8188839043232669
646,0.04117126362889182,0.14568954682909765,0.8180873978313243
647,0.042252374431078425,0.14475950801326842,0.8171894708311049
648,0.04331292829797051,0.1440377133270705,0.8161885376200602
649,0.044362940305345155,0.14351246871088738,0.8150833793683426
650,0.0454124255289794,0.14315607104776154,0.8138727772461045
651,0.046470762646727545,0.14294056373054664,0.8125556482633
652,0.04753803234061912,0.14283799015209647,0.811131644032703
653,0.048607270738899,0.14282766440310343,0.8096006633543353
654,0.04967133917130665,0.1429198650798881,0.807962605214211
655,0.05072309896758154,0.14313311237717632,0.8062173710263103
656,0.05175621328554003,0.14348592656034018,0.8043653227222942
657,0.05276858779555001,0.14399687368072212,0.8024078242830315
658,0.053759526074341465,0.14468860932950342,0.8003463714181219
659,0.05472833255629846,0.1455910509880198,0.7981824598371651
660,0.05567432773532985,0.14673486273983105,0.795916553075348
661,0.056599891225937886,0.148150708668497,0.793527399042088
662,0.05751406560530197,0.14986740265556037,0.7909730984743154
663,0.05842677035845812,0.1518842396631352,0.7882109337957417
664,0.05934792497044234,0.15417681458783308,0.7851983978040229
665,0.060287005299165634,0.156720053508792,0.7819271798136193
666,0.061243756271719046,0.1594888974082368,0.7784606982280601
667,0.06220844735981127,0.16245973407303008,0.7748714062395042
668,0.06317095551445108,0.16561158736649634,0.7711938426153168
669,0.06412115768664722,0.16892376109181834,0.7670819865968668
670,0.06504998574431413,0.1723781536036792,0.7619701514929018
671,0.06595588198426193,0.17597965968806348,0.7554171945251297
672,0.06684054613124134,0.17974519275377795,0.7484711271743008
673,0.0677056910831502,0.1836871444376725,0.7427588591494102
674,0.06855302777788959,0.1877505167252085,0.738128138207585
675,0.06938241937411158,0.19182935867582518,0.7339150276258078
676,0.07018844901434768,0.19582479564825475,0.7297494435030003
677,0.07096476282117627,0.1997933040751647,0.7256160646735939
678,0.07170500691717588,0.20392885606693098,0.7215207432604084
679,0.07240307146381086,0.20843017067983882,0.7174730299635205
680,0.07306152389131491,0.21341240232660402,0.713511131084438
681,0.0736937564279019,0.21858695378966295,0.7096866321277119
682,0.07431384144112187,0.22357602133518717,0.706050996681188
683,0.0749358512985249,0.22852623114934018,0.7026363442174186
684,0.0755716923968123,0.23400473075815198,0.6994394488505314
685,0.07621225199976918,0.24011681845567007,0.6964533177961986
686,0.07683660189303639,0.2459867049102812,0.6936709582700923
687,0.07742368234078635,0.251053801656901,0.6910916986572798
688,0.07795243364086331,0.25577904447669464,0.6887419999113876
689,0.07840601157502944,0.2607353927325217,0.6866556013706387
690,0.07878343345791763,0.2660426039385034,0.6848662424614099
691,0.07908744655871715,0.2714953496849002,0.6834075136961731
692,0.07932079814661712,0.2769399907805779,0.6823001825991033
693,0.07948616761118218,0.2823703419469962,0.681542508748494
694,0.07958186712341794,0.2877816445443028,0.681130471450586
695,0.07959926470422482,0.2930129435298674,0.6810600500116206
696,0.079529110100697,0.2978338107206399,0.6813263757223553
697,0.07936215305992872,0.30207594764485574,0.6819115393606181
698,0.07909054003946445,0.30578323610477337,0.6827874101247303
699,0.0787251458291132,0.3090445813801852,0.6839255834890967
700,0.07829022704647616,0.31194759849789744,0.6852976549281218
701,0.07781032969996514,0.3145533957658848,0.6868764777736206
702,0.07730999979799195,0.31689822428557973,0.6886418193072162
703,0.07681016731439402,0.31901737523486895,0.690575809820968
704,0.07631411495512483,0.32094607775180684,0.6926605816558079
705,0.07581975010858294,0.3227084647506875,0.6948782847844234
706,0.07532497887879308,0.3243048528206996,0.6972151436540253
707,0.07482767504894028,0.32573247698810226,0.699666644511845
708,0.07432137018130883,0.32698857227915407,0.7022295537423686
709,0.07379091999610611,0.32807044364976207,0.7049006377300818
710,0.07322014870036937,0.3289769050774972,0.7076676995726826
711,0.07259288050113592,0.3297082263423919,0.7104673385716062
712,0.0718941406794001,0.33026473650598437,0.7132180008494542
713,0.07113144175062028,0.330646764629813,0.7158381111570541
714,0.07033225291955435,0.33085733199440026,0.7182491482326183
715,0.0695247360936023,0.3309183598451545,0.7204241137786892
716,0.06873705318016411,0.33085986538435347,0.7223788804276033
717,0.06799347553843559,0.3307118966203133,0.7241306260397524
718,0.06729390904345971,0.33050449134117466,0.7256965284755283
719,0.06662884703899268,0.33025952042442486,0.7270917853532171
720,0.06598876267561553,0.3299759987279864,0.7283198143125115
721,0.06536413564884187,0.3296489732214604,0.7293796944921115
722,0.06474796380986891,0.3292734908744478,0.7302704982468669
723,0.06413955824798223,0.32884539984278977,0.730991295221995
724,0.06353920351757916,0.32838741663963056,0.7315402848535962
725,0.06294718417305706,0.32795486985587374,0.7319135545523522
726,0.062364082144198175,0.3276050515453601,0.732106877521649
727,0.061798592620739966,0.32739525376193057,0.7321160269648725
728,0.0612683018418805,0.32737887828321116,0.7319369900514392
729,0.060791249388889385,0.32757326393251357,0.7315713385367836
730,0.060385474843036246,0.32797620377421627,0.7310266242261958
731,0.060066531693447285,0.3285852977809401,0.730310692099846
732,0.05982977050976128,0.32939814594229594,0.7294313871379043
733,0.05966071804940151,0.33041281257602156,0.7283968171770877
734,0.05954483565081935,0.3316290377401487,0.727217163013998
735,0.05946758580844144,0.3330469393944792,0.7259035881003814
736,0.059417752206792254,0.33466663549881454,0.7244672617936223
737,0.059394720158790874,0.33648801304600406,0.7229193483519503
738,0.05939998580999033,0.3384972222168186,0.7212614529269112
739,0.05943504530594367,0.34065919053532234,0.7194657759312275
740,0.059501459141923146,0.3429370280081791,0.7174988821842534
741,0.05960361285615411,0.34529384464205254,0.7153273365053435
742,0.059749760738639454,0.3476949886632439,0.7129183446877857
743,0.05994843666086602,0.35013535740088736,0.7102642732952361
744,0.06020817449432062,0.3526307341589102,0.7073903148469187
745,0.06053669403328161,0.3551973421797586,0.7043238699397778
746,0.06093281632223081,0.3578510602978635,0.7010923475332183
747,0.06138987860505161,0.36058516060444523,0.6977336817961665
748,0.06190113762441257,0.3633567098166655,0.6943169028404533
749,0.062459850122982226,0.36611951996315084,0.69091675574158
750,0.06306329836278805,0.36882740307904405,0.6876078934741593
751,0.06372551894153207,0.3714426474850722,0.684444754148741
752,0.06446490665685599,0.37396051926824686,0.6814363304537064
753,0.0652998563161143,0.37638430342043167,0.6785854124402974
754,0.06624869057441309,0.3787172849334902,0.6758947901597546
755,0.0673236130084475,0.38096285645967265,0.673364890809548
756,0.06852613872986238,0.38313233186443996,0.6709833993265076
757,0.06985670671901344,0.3852502263861005,0.6687337244918445
758,0.07131575595625633,0.3873423061090086,0.6665992719494409
759,0.07290531028167037,0.3894343371175187,0.6645634736682821
760,0.07465213000804843,0.39155075283263985,0.6626145696875692
761,0.07660255440349216,0.3936963804741503,0.6607511707155077
762,0.07880345838128545,0.39586112358536846,0.658973237001475
763,0.08130171685471223,0.39803451146889374,0.6572807287948478
764,0.08412175741384346,0.4002060734273255,0.6556733135923933
765,0.08716191479196513,0.4023697659452742,0.654144569027864
766,0.09027652768924972,0.40454333293835165,0.6526823202437954
767,0.09331988926750745,0.40675247310917473,0.6512741671731854
768,0.09623290043462633,0.40902289080496246,0.6499077097490317
769,0.09933888506537691,0.4113802225839014,0.648571846941378
770,0.1030666863650674,0.4138357064054405,0.6472641901833974
771,0.10782739211638137,0.41636844162467285,0.6459859334966884
772,0.113473430313657,0.41895317695089934,0.6447382819387736
773,0.11922318130927137,0.4215646610934211,0.6435224390933497
774,0.12519613736061141,0.4241784869481002,0.6423387987757784
775,0.13267657527459745,0.42678997948109587,0.6411856043429255
776,0.14151465961798498,0.4294143727727789,0.640060746157252
777,0.15053992788801607,0.43206778049974986,0.638962114581219
778,0.16070382830850263,0.4347662877765835,0.637887595003422
779,0.17164191246515553,0.43751858622128853,0.6368349235350275
780,0.18070067651325333,0.44031616015858566,0.6358016645996755
781,0.1894235215710552,0.4431480512484163,0.6347853731376163
782,0.2007834116092138,0.44600335161413324,0.6337836040891002
783,0.21335807312345081,0.44887644293711193,0.6327928647664128
784,0.2252280359232691,0.4517715677433921,0.6318006602930039
785,0.23716935236656142,0.4546940460148947,0.6307899093601531
786,0.24958003498139453,0.45764922633761335,0.6297434941853398
787,0.2622782962307165,0.46064404137489096,0.6286442977655551
788,0.27472257896429597,0.46368780598682174,0.6274792520592446
789,0.28677059989159515,0.46679003163926525,0.6262487752705
790,0.29866730752405496,0.4699593058844982,0.6249560899919353
791,0.3103224966060306,0.47317291296016534,0.6236044188161637
792,0.3222052348186725,0.4763699573629204,0.6221968298366851
793,0.3353544854233241,0.47948722736721733,0.6207291392916178
794,0.3476436687978419,0.48246216424417754,0.6191869513969853
795,0.35826707786404394,0.4852470129396213,0.6175551020039475
796,0.36944383011823706,0.4878087034698215,0.6158184269636638
797,0.3809717692095564,0.49011479512638834,0.6139630169091042
798,0.39198788116599104,0.4921329025324187,0.6119889384790063
799,0.40225052281165447,0.4938436809588639,0.6099049932700402
800,0.41203958525844464,0.4952575525495231,0.6077201163080762
801,0.42204312991693743,0.49638907326404036,0.6054432426189847
802,0.43291312695404754,0.49725279906205955,0.6030760594415867
803,0.4430270919889083,0.4978641730257314,0.6005903017760057
804,0.44993584751259436,0.49825977723572257,0.5979499683780547
805,0.45672686404537804,0.49849774945606934,0.5951190579939268
806,0.4651456978453378,0.4986371979202389,0.5920679267825796
807,0.4725968358971058,0.49873723086169897,0.5888344524431578
808,0.4782865223447178,0.4988478708610617,0.5854972237631371
809,0.4836143512097505,0.49895114985772676,0.5821353907307742
810,0.48935884799703044,0.4989982935650449,0.5788208278068165
811,0.4948901656734453,0.4989403751117967,0.5755693371287973
812,0.4994341734053725,0.4987284826695563,0.5723706592887979
813,0.5027460375477031,0.49833341074523285,0.5692143906541793
814,0.5051204463084572,0.49778442771383613,0.566091634835458
815,0.5068763613269066,0.49712159730450267,0.563002110596938
816,0.508332384220783,0.496384983246369,0.5599485926448197
817,0.5097092447292584,0.4956141423365606,0.5569338592981942
818,0.5109976362856264,0.4948296738296773,0.5539601445352704
819,0.5121552338303913,0.4940279754600205,0.5510273461881547
820,0.5131397123040567,0.4932038695871385,0.5481347355041756
821,0.5139097354901476,0.49235217857057983,0.5452815825849343
822,0.5144487120686265,0.49146861985608,0.5424632155396465
823,0.5147659614482547,0.4905577310411227,0.5396621961808936
824,0.5148720252022156,0.48962906794694144,0.5368585066243443
825,0.514777444903694,0.4886922444281191,0.5340321875700051
826,0.5144918893022384,0.487756874319274,0.5311837673061849
827,0.5140182774995753,0.48683010981808544,0.5283642795882967
828,0.5133563823185988,0.48590984369810336,0.525632402682523
829,0.5125059589540667,0.484991792004081,0.5230468148550462
830,0.5114667651281223,0.48407167078077157,0.5206539153382178
831,0.5102427348045613,0.483145265255172,0.5184267950522486
832,0.50885049358538,0.48221268812244245,0.5163114549023813
833,0.5073090691370687,0.48128086317877083,0.5142538524227146
834,0.5056374891261173,0.4803573123905617,0.5122000314638776
835,0.5038552161387885,0.47944955772421927,0.5101204816225298
836,0.5019985094803379,0.47856452471177946,0.5080436156303075
837,0.5001253841114504,0.4777013348101983,0.5060062359546315
838,0.4982953025522072,0.4768536278191197,0.5040451450629215
839,0.49656772732268933,0.4760149298322623,0.5021956995555003
840,0.4949953570518263,0.47517876694334465,0.5004582222755464
841,0.4935636515046921,0.47434077764346444,0.4987969846227322
842,0.4922195506861123,0.4735066716725241,0.49717490525210084
843,0.490909539446798,0.4726851569136185,0.4955695212443339
844,0.4895801027249763,0.47188494175402035,0.4939793653986953
845,0.4881905417395953,0.4711147139328307,0.49240459532302555
846,0.48674853452232664,0.47038062203986286,0.49084536862516526
847,0.48527317147840215,0.4696838612045682,0.489301842912955
848,0.48378354301305343,0.4690250543452808,0.4877741757942352
849,0.48229860671294905,0.4684048243803347,0.4862625248768466
850,0.48082903789762305,0.46782290810201266,0.4847670477686297
851,0.4793724909966018,0.46726307903440745,0.483287902077425
852,0.47792547865280927,0.46669527324103943,0.48182524541107313
853,0.47648451350916954,0.4660889685447791,0.4803792353774146
854,0.4750460370674257,0.4654136427684969,0.4789500295842901
855,0.47360556701229056,0.46464260817888287,0.47753778563954014
856,0.4721579755805341,0.4637725674693339,0.4761426611510051
857,0.47069812179522863,0.46280904193130096,0.4747648137265258
858,0.46922086467944635,0.4617575690375032,0.4734044009739427
859,0.4677238114139361,0.46062368846312335,0.47206065698906
860,0.4662175217536235,0.4594136701975482,0.4707159676076253
861,0.4647163679185832,0.45813556724290094,0.46933800040717677
862,0.46323472265814436,0.4567976996064297,0.4678939278945964
863,0.46178685555632615,0.4554083872953822,0.46635092257676636
864,0.4603750576810428,0.4539756230633578,0.4646761613437389
865,0.4589786225601686,0.4524989662776466,0.4628481335260408
866,0.45757423827112015,0.4509690062419095,0.4608811244685511
867,0.4561385928913142,0.4493758975426091,0.45879648291789193
868,0.4546496850822544,0.447709794766208,0.45661555762068506
869,0.45310833456917493,0.4459625885470525,0.4543596973235524
870,0.4515347309685969,0.44413962073074464,0.4520502507731161
871,0.4499496784244031,0.4422525137965061,0.44970856671599807
872,0.4483739810804759,0.4403129256627133,0.44735599389882014
873,0.4468248756010059,0.4383325086462132,0.44501388106820433
874,0.4452985584578975,0.43631443817743787,0.4427035769707726
875,0.44378353933686765,0.4342363540599255,0.440446430353147
876,0.4422683165756517,0.4320711070866255,0.4382637899619493
877,0.44074140556384256,0.4297915480504872,0.4361770045438016
878,0.4391960110967011,0.4273713669182041,0.4342074228453259
879,0.4376363851785096,0.42481572612833784,0.4323752551216097
880,0.436068369573599,0.42217001862224335,0.43065248554436636
881,0.4344978060462999,0.419482261284824,0.42894605399675806
882,0.43292962117108374,0.41680045795652526,0.42715830357306356
883,0.4313466374298971,0.4141589110632126,0.4251915773675615
884,0.4297089708728744,0.411552262475683,0.422970726106667
885,0.4279757018651359,0.4089680194454254,0.420531741190286
886,0.4261059107718016,0.4063936892239288,0.4179448586023595
887,0.4240648669752986,0.4038186288280564,0.41528032393257897
888,0.42186370945087337,0.4012453631072992,0.4126052799257284
889,0.41953418660337927,0.3986821275039572,0.40994592618865877
890,0.4171081451400237,0.3961371805430564,0.40729953306691963
891,0.41461742697345494,0.3936187762945638,0.4046627620736621
892,0.41208900920644276,0.39113184656326866,0.40203246750076527
893,0.4095358443590189,0.38867210972471217,0.3994169027437952
894,0.40696837281414,0.3862337000552009,0.39684189409561893
895,0.4043970349547628,0.38381075183104135,0.39433476836456244
896,0.4018320686298611,0.38139728874384626,0.39192285235895175
897,0.3992767851196355,0.37898381349324284,0.3896297750097218
898,0.3967260102775427,0.3765566600637961,0.38743299795041036
899,0.3941740516190099,0.3741019211516693,0.38527861473629027
900,0.39161521665946464,0.3716056894530257,0.3831121201827794
901,0.38904500213908483,0.3690579479011806,0.38087900910529576
902,0.38646981618227744,0.366482879992402,0.37853512679667084
903,0.38390193199966266,0.3639224245109663,0.3760832656588741
904,0.3813536791465744,0.36141867138129086,0.37353952195803003
905,0.37883738625480134,0.35901370747491473,0.37091999282310834
906,0.3763547045627966,0.3567318623083031,0.36824082827096766
907,0.3738700987817622,0.3545378964819435,0.3655234703031016
908,0.37133994317493535,0.3523840935164614,0.3627990911928061
909,0.3687206120055531,0.35022273693248207,0.36009990835198247
910,0.3659692873520095,0.3480067853149282,0.357458139192532
911,0.36308394813757866,0.3457208114678975,0.3548947265939541
912,0.3601217521109608,0.3433938655945127,0.35238171305455396
913,0.3571445014282552,0.34105833995007,0.34987788661745495
914,0.354213993892634,0.33874662678986567,0.3473420350856938
915,0.3513700602397874,0.3364891888423832,0.34473692104713316
916,0.3485794997446788,0.33429518635508376,0.34207004648357786
917,0.34579395398274665,0.3321605534824481,0.3393770956278732
918,0.34296514217676194,0.3300810260675259,0.3366941927108927
919,0.3400761547786499,0.32805233995336663,0.33405746196350966
920,0.3371893949923057,0.3260700051010504,0.331496245275799
921,0.3343796084694455,0.3241286051786967,0.32901175172638336
922,0.33172154086178546,0.32222248644724993,0.32659789711940257
923,0.3292753717895854,0.32034599516752227,0.32424859724651667
924,0.3270119489813281,0.318493449017777,0.32195776789938574
925,0.32486827246645067,0.3166569855855401,0.31971932486966975
926,0.32278127809931917,0.31482506466014615,0.3175271839490288
927,0.32068797127967374,0.31298579198164556,0.315375260929123
928,0.3185477282867836,0.3111272732900886,0.3132574716016124
929,0.31637423656889324,0.30923822917488153,0.31116773175815693
930,0.31418926617584597,0.30731616963436403,0.3090999571904168
931,0.312014587157485,0.30536516675307396,0.307048063690052
932,0.30987148031600675,0.3033894500401924,0.3050059670487225
933,0.3077688947117351,0.30139324900490055,0.3029675830580885
934,0.305702816624471,0.29938042151704375,0.30092682750981
935,0.3036686167800948,0.2973524333700619,0.298877616195547
936,0.3016616659044866,0.2953098027817707,0.29681386490695966
937,0.2996774481271905,0.29325304560390425,0.2947294894442192
938,0.2977123093498477,0.29118267768819617,0.2926225445340566
939,0.29576299117454596,0.2890992148863804,0.2905070132075115
940,0.29382623728162327,0.28700317305019085,0.2884007096215724
941,0.29189879161750426,0.2848950680313615,0.2863214479332278
942,0.2899777368612397,0.282775415681626,0.28428679560990167
943,0.288061157692266,0.28064473185271843,0.2822984111407771
944,0.2861473231808226,0.2785035323963726,0.2803326352182765
945,0.2842345023971491,0.2763523331643224,0.278363551788814
946,0.2823208775977461,0.27419165000830165,0.27636524479880337
947,0.28040147636805335,0.2720219987800443,0.2743136613435356
948,0.27846735129579253,0.26984389533128417,0.27220921489234334
949,0.2765093013369948,0.2676578555137552,0.2700695477669749
950,0.2745181254476913,0.2654643951791913,0.26791266188901686
951,0.27248579188907307,0.26326403017932626,0.2657565591800559
952,0.2704154647545277,0.26105727636589393,0.26361568714363015
953,0.2683165350420123,0.25884464959062836,0.2614876924462646
954,0.26619846073269227,0.2566266657052632,0.25936526256112097
955,0.26407069975684083,0.25440384056153253,0.2572410842381781
956,0.26194105794977146,0.2521766900111701,0.2551078687804582
957,0.2598113434803773,0.2499457299059099,0.2529611520782636
958,0.25768200390534585,0.24771147609748578,0.25080187879617566
959,0.2555534867813642,0.24547444443763153,0.2486316044200372
960,0.25342616095298,0.24323515077808108,0.24645188443569138
961,0.25129598714561097,0.24099411097056833,0.24426426029327628
962,0.2491522685105868,0.23875184086682716,0.2420700322668756
963,0.24698375548202733,0.23650885631859142,0.23987029762210357
964,0.24477919849405214,0.23426567317759503,0.23766614729347982
965,0.24252904428047697,0.23202280729557181,0.23545867221552383
966,0.24024440397873068,0.22978077452425574,0.23324926519965633
967,0.23795018344787167,0.2275400907153806,0.23104107179144762
968,0.23567154017746078,0.22530127172068026,0.22883786852351104
969,0.23343363165705883,0.22306483339188868,0.22664343276429647
970,0.2312531761532398,0.2208312915807397,0.22446151983502138
971,0.22910939394709487,0.21860116213896724,0.22229039361406625
972,0.22697109417029543,0.2163749609183051,0.22011563777421236
973,0.22480708555153187,0.21415320377048724,0.21792105190714084
974,0.22258636290371817,0.21193640654724746,0.21569043560453274
975,0.22029559658050235,0.2097250851003197,0.21340858339740273
976,0.21795344842380557,0.2075197552814378,0.2110833144361736
977,0.21558194945221262,0.2053209329423357,0.2087455511057512
978,0.2132031306843082,0.20312913393474719,0.20642722645344724
979,0.21083799544130744,0.20094453973910648,0.2041602735265735
980,0.20849135779008868,0.19876219723268346,0.2019699337209827
981,0.20615514054948894,0.19657313235465299,0.19983353878995042
982,0.20382090919060158,0.19436826358776094,0.1977075375647392
983,0.20148022918451988,0.19213850941475324,0.19554829238149762
984,0.19912710073016454,0.1898766968752045,0.19331219000722455
985,0.19676875468113833,0.18758583849405894,0.19097506315237375
986,0.19441689462083522,0.1852723308187436,0.1885671383322211
987,0.19208322764629734,0.1829425726511935,0.18612807990169483
988,0.18977938374125325,0.18060295691898864,0.18369755221572318
989,0.18750251575289717,0.17825884746198262,0.18131521962923441
990,0.18521834985808014,0.17591341017364345,0.17902074649715677
991,0.18288849219754028,0.17356952818147847,0.1768537971744185
992,0.18047454891201586,0.17123008461299496,0.17485403601594784
993,0.17794100544729474,0.16889887406013088,0.1730611273766731
994,0.17531243361353677,0.1665982214830683,0.17151473561152247
995,0.17267026750962375,0.16436772342069275,0.17025452507542418
996,0.1700981751094769,0.16224763572777226,0.16932016012330653
997,0.1676798243870176,0.16027821425907482,0.1687513051100978
998,0.16549888331616713,0.15849971486936856,0.16858762439072617
999,0.1636390198708468,0.15695239341342143,0.16886878232011993
1000,0.16218390202497796,0.1556765057460016,0.16963444325320728
